time,size
0,92
0.164457,191
1.16167,78
1.71245,177
2.25737,33
3.47917,53
3.81708,72
4.082,134
5.74291,81
5.86037,24
6.51069,81
8.21195,133
8.67574,103
10.2181,47
10.3524,38
10.4145,92
